No,Kod_Lesen,Had_Muat_Turun,Status,Catatan_Order_Shopee
1,FZ26-2259-38S5,4,Aktif,Stok Shopee
2,FZ26-25GN-5BCF,4,Aktif,Stok Shopee
3,FZ26-28L7-JYPZ,4,Aktif,Stok Shopee
4,FZ26-28PK-ZJWM,4,Aktif,Stok Shopee
5,FZ26-2F4T-RW3B,4,Aktif,Stok Shopee
6,FZ26-2FUZ-RMA8,4,Aktif,Stok Shopee
7,FZ26-2JAT-ZU8K,4,Aktif,Stok Shopee
8,FZ26-2K79-NR69,4,Aktif,Stok Shopee
9,FZ26-2K7T-4Q7P,4,Aktif,Stok Shopee
10,FZ26-2KQ3-9NEM,4,Aktif,Stok Shopee
11,FZ26-2KYC-SM6L,4,Aktif,Stok Shopee
12,FZ26-2L32-6SZP,4,Aktif,Stok Shopee
13,FZ26-2LHB-GU2L,4,Aktif,Stok Shopee
14,FZ26-2LWP-F6GC,4,Aktif,Stok Shopee
15,FZ26-2LXA-9R9X,4,Aktif,Stok Shopee
16,FZ26-2PQL-RD33,4,Aktif,Stok Shopee
17,FZ26-2R6L-BHD5,4,Aktif,Stok Shopee
18,FZ26-2W6Y-WJCU,4,Aktif,Stok Shopee
19,FZ26-2YK2-3Z3S,4,Aktif,Stok Shopee
20,FZ26-2Z4J-ZPKL,4,Aktif,Stok Shopee
21,FZ26-325Q-ALRZ,4,Aktif,Stok Shopee
22,FZ26-32RN-XTFU,4,Aktif,Stok Shopee
23,FZ26-34GK-FKS7,4,Aktif,Stok Shopee
24,FZ26-37KP-3SGA,4,Aktif,Stok Shopee
25,FZ26-385U-3Z9L,4,Aktif,Stok Shopee
26,FZ26-3HYM-3P3N,4,Aktif,Stok Shopee
27,FZ26-3NTV-3N7D,4,Aktif,Stok Shopee
28,FZ26-3QCR-SRJU,4,Aktif,Stok Shopee
29,FZ26-3T2W-63P7,4,Aktif,Stok Shopee
30,FZ26-3TZ2-2UHV,4,Aktif,Stok Shopee
31,FZ26-3V89-KV69,4,Aktif,Stok Shopee
32,FZ26-3WCM-ZEZ9,4,Aktif,Stok Shopee
33,FZ26-3Y3R-YQZR,4,Aktif,Stok Shopee
34,FZ26-3Y6J-A5CM,4,Aktif,Stok Shopee
35,FZ26-3YCP-C4WW,4,Aktif,Stok Shopee
36,FZ26-3YM2-PWUV,4,Aktif,Stok Shopee
37,FZ26-42J2-DYVM,4,Aktif,Stok Shopee
38,FZ26-43K5-BMUH,4,Aktif,Stok Shopee
39,FZ26-43T6-TB89,4,Aktif,Stok Shopee
40,FZ26-45H8-6WP3,4,Aktif,Stok Shopee
41,FZ26-474N-XALS,4,Aktif,Stok Shopee
42,FZ26-49XD-PM5E,4,Aktif,Stok Shopee
43,FZ26-49Z7-MKTT,4,Aktif,Stok Shopee
44,FZ26-4FH8-GF9P,4,Aktif,Stok Shopee
45,FZ26-4GY7-GZF8,4,Aktif,Stok Shopee
46,FZ26-4J2F-G4PP,4,Aktif,Stok Shopee
47,FZ26-4LMX-VB2H,4,Aktif,Stok Shopee
48,FZ26-4P6D-Y2MS,4,Aktif,Stok Shopee
49,FZ26-4QW3-K23P,4,Aktif,Stok Shopee
50,FZ26-4RCE-F535,4,Aktif,Stok Shopee
51,FZ26-4RJ3-WB55,4,Aktif,Stok Shopee
52,FZ26-4RPS-JDBZ,4,Aktif,Stok Shopee
53,FZ26-4RYX-LRDA,4,Aktif,Stok Shopee
54,FZ26-4ZKV-HCKH,4,Aktif,Stok Shopee
55,FZ26-4ZP3-SFAX,4,Aktif,Stok Shopee
56,FZ26-54R9-MRWF,4,Aktif,Stok Shopee
57,FZ26-576N-98H4,4,Aktif,Stok Shopee
58,FZ26-57JX-EBV9,4,Aktif,Stok Shopee
59,FZ26-5CA7-5XXD,4,Aktif,Stok Shopee
60,FZ26-5EGS-ZCH3,4,Aktif,Stok Shopee
61,FZ26-5EV9-EV2G,4,Aktif,Stok Shopee
62,FZ26-5F28-759Q,4,Aktif,Stok Shopee
63,FZ26-5FJ8-5SND,4,Aktif,Stok Shopee
64,FZ26-5K8M-DPR8,4,Aktif,Stok Shopee
65,FZ26-5KXC-SEEA,4,Aktif,Stok Shopee
66,FZ26-5SSH-7FNL,4,Aktif,Stok Shopee
67,FZ26-5X8M-FTUT,4,Aktif,Stok Shopee
68,FZ26-5XFD-NVWN,4,Aktif,Stok Shopee
69,FZ26-694Z-RB8V,4,Aktif,Stok Shopee
70,FZ26-6AQ6-DQEZ,4,Aktif,Stok Shopee
71,FZ26-6ES3-S8F5,4,Aktif,Stok Shopee
72,FZ26-6UFF-UTQU,4,Aktif,Stok Shopee
73,FZ26-6V9T-M7VB,4,Aktif,Stok Shopee
74,FZ26-6YNS-5PRV,4,Aktif,Stok Shopee
75,FZ26-6ZYN-XHRL,4,Aktif,Stok Shopee
76,FZ26-73KM-AS64,4,Aktif,Stok Shopee
77,FZ26-74L7-DY3S,4,Aktif,Stok Shopee
78,FZ26-758X-TGML,4,Aktif,Stok Shopee
79,FZ26-76XR-5TPF,4,Aktif,Stok Shopee
80,FZ26-7BLJ-U5SJ,4,Aktif,Stok Shopee
81,FZ26-7BT4-Q2GY,4,Aktif,Stok Shopee
82,FZ26-7BZR-84RD,4,Aktif,Stok Shopee
83,FZ26-7CYT-TSTR,4,Aktif,Stok Shopee
84,FZ26-7DC9-N7R5,4,Aktif,Stok Shopee
85,FZ26-7DS4-GRFB,4,Aktif,Stok Shopee
86,FZ26-7KJH-E6QL,4,Aktif,Stok Shopee
87,FZ26-7LGQ-96X5,4,Aktif,Stok Shopee
88,FZ26-7MQD-R8JN,4,Aktif,Stok Shopee
89,FZ26-7P7A-BU84,4,Aktif,Stok Shopee
90,FZ26-7RK8-M4FS,4,Aktif,Stok Shopee
91,FZ26-7UPB-GGCQ,4,Aktif,Stok Shopee
92,FZ26-7VLL-7WXN,4,Aktif,Stok Shopee
93,FZ26-7VV3-7RY7,4,Aktif,Stok Shopee
94,FZ26-7XLJ-XQM4,4,Aktif,Stok Shopee
95,FZ26-7ZAT-JLWP,4,Aktif,Stok Shopee
96,FZ26-82DV-T6MR,4,Aktif,Stok Shopee
97,FZ26-8C28-LARC,4,Aktif,Stok Shopee
98,FZ26-8JHH-G9QX,4,Aktif,Stok Shopee
99,FZ26-8KB6-PMWK,4,Aktif,Stok Shopee
100,FZ26-8MPK-BTFX,4,Aktif,Stok Shopee
101,FZ26-8MVK-LUVR,4,Aktif,Stok Shopee
102,FZ26-8N6F-VZ9G,4,Aktif,Stok Shopee
103,FZ26-8RVH-CLA9,4,Aktif,Stok Shopee
104,FZ26-8S4M-NHPP,4,Aktif,Stok Shopee
105,FZ26-8T46-3Q22,4,Aktif,Stok Shopee
106,FZ26-8W38-EVJF,4,Aktif,Stok Shopee
107,FZ26-96H3-LRRD,4,Aktif,Stok Shopee
108,FZ26-9739-SCLT,4,Aktif,Stok Shopee
109,FZ26-99FS-FTF6,4,Aktif,Stok Shopee
110,FZ26-9BCW-JAVB,4,Aktif,Stok Shopee
111,FZ26-9D3C-3PJX,4,Aktif,Stok Shopee
112,FZ26-9R83-7NBS,4,Aktif,Stok Shopee
113,FZ26-9SZM-SMP3,4,Aktif,Stok Shopee
114,FZ26-A2QS-URUE,4,Aktif,Stok Shopee
115,FZ26-A5E8-9GZD,4,Aktif,Stok Shopee
116,FZ26-A846-Z3ZW,4,Aktif,Stok Shopee
117,FZ26-A8QB-2VR9,4,Aktif,Stok Shopee
118,FZ26-A9GW-LJ94,4,Aktif,Stok Shopee
119,FZ26-AABN-FQEJ,4,Aktif,Stok Shopee
120,FZ26-AAS8-BKWA,4,Aktif,Stok Shopee
121,FZ26-ACDG-DVW9,4,Aktif,Stok Shopee
122,FZ26-AFBP-RVAZ,4,Aktif,Stok Shopee
123,FZ26-AFGQ-CPD7,4,Aktif,Stok Shopee
124,FZ26-AG5U-U8N8,4,Aktif,Stok Shopee
125,FZ26-AHFV-R4PG,4,Aktif,Stok Shopee
126,FZ26-AU2G-CB5G,4,Aktif,Stok Shopee
127,FZ26-AUD4-QCNJ,4,Aktif,Stok Shopee
128,FZ26-AVS8-DMGC,4,Aktif,Stok Shopee
129,FZ26-AYA9-DYR5,4,Aktif,Stok Shopee
130,FZ26-B2E9-R6UN,4,Aktif,Stok Shopee
131,FZ26-B7PW-PH9G,4,Aktif,Stok Shopee
132,FZ26-B9P7-G4LC,4,Aktif,Stok Shopee
133,FZ26-BCSB-9EVZ,4,Aktif,Stok Shopee
134,FZ26-BFGN-2UVL,4,Aktif,Stok Shopee
135,FZ26-BJ86-KCB4,4,Aktif,Stok Shopee
136,FZ26-BMJ7-5REH,4,Aktif,Stok Shopee
137,FZ26-BMTQ-HANC,4,Aktif,Stok Shopee
138,FZ26-BQ6K-3KMJ,4,Aktif,Stok Shopee
139,FZ26-BQEH-SJPZ,4,Aktif,Stok Shopee
140,FZ26-BQGK-9RYY,4,Aktif,Stok Shopee
141,FZ26-BU3F-KTM9,4,Aktif,Stok Shopee
142,FZ26-BVR5-RD75,4,Aktif,Stok Shopee
143,FZ26-BVSK-Z5G7,4,Aktif,Stok Shopee
144,FZ26-C3HV-28XW,4,Aktif,Stok Shopee
145,FZ26-C69B-LEAB,4,Aktif,Stok Shopee
146,FZ26-C6ZD-CYVF,4,Aktif,Stok Shopee
147,FZ26-C9N7-MESY,4,Aktif,Stok Shopee
148,FZ26-C9YQ-UCLD,4,Aktif,Stok Shopee
149,FZ26-CAMP-VTNL,4,Aktif,Stok Shopee
150,FZ26-CDWK-MJTE,4,Aktif,Stok Shopee
151,FZ26-CGG9-AWEJ,4,Aktif,Stok Shopee
152,FZ26-CH2M-368X,4,Aktif,Stok Shopee
153,FZ26-CJQ9-XXFJ,4,Aktif,Stok Shopee
154,FZ26-CMUN-ZTZD,4,Aktif,Stok Shopee
155,FZ26-CSEH-7385,4,Aktif,Stok Shopee
156,FZ26-CSSL-LLF9,4,Aktif,Stok Shopee
157,FZ26-CUZN-E9TA,4,Aktif,Stok Shopee
158,FZ26-CV77-HAJQ,4,Aktif,Stok Shopee
159,FZ26-CY6R-8D25,4,Aktif,Stok Shopee
160,FZ26-D2K5-7A3F,4,Aktif,Stok Shopee
161,FZ26-D4EM-BZ6R,4,Aktif,Stok Shopee
162,FZ26-D4Q4-XXGJ,4,Aktif,Stok Shopee
163,FZ26-D5ND-DSMB,4,Aktif,Stok Shopee
164,FZ26-D5X8-Z66T,4,Aktif,Stok Shopee
165,FZ26-D6BM-M2AS,4,Aktif,Stok Shopee
166,FZ26-DB4D-TMZN,4,Aktif,Stok Shopee
167,FZ26-DJ8F-X2ZF,4,Aktif,Stok Shopee
168,FZ26-DL6N-WRQ3,4,Aktif,Stok Shopee
169,FZ26-DLGW-QNR3,4,Aktif,Stok Shopee
170,FZ26-DMEQ-5D93,4,Aktif,Stok Shopee
171,FZ26-DPY5-6KHC,4,Aktif,Stok Shopee
172,FZ26-DQCN-C9MX,4,Aktif,Stok Shopee
173,FZ26-DQLY-UZ4J,4,Aktif,Stok Shopee
174,FZ26-DSS5-DHVT,4,Aktif,Stok Shopee
175,FZ26-DUGY-2J3L,4,Aktif,Stok Shopee
176,FZ26-DUJY-CGJZ,4,Aktif,Stok Shopee
177,FZ26-DXDB-5HLU,4,Aktif,Stok Shopee
178,FZ26-DYTU-GKJT,4,Aktif,Stok Shopee
179,FZ26-DZPQ-AAU7,4,Aktif,Stok Shopee
180,FZ26-DZSM-N3W4,4,Aktif,Stok Shopee
181,FZ26-E5KT-QXA6,4,Aktif,Stok Shopee
182,FZ26-E7XC-R2DA,4,Aktif,Stok Shopee
183,FZ26-E94A-FMW2,4,Aktif,Stok Shopee
184,FZ26-ED4R-5VW5,4,Aktif,Stok Shopee
185,FZ26-EDCT-J9ZC,4,Aktif,Stok Shopee
186,FZ26-EDW2-2PRE,4,Aktif,Stok Shopee
187,FZ26-EHZN-P3LU,4,Aktif,Stok Shopee
188,FZ26-ELCQ-HWPX,4,Aktif,Stok Shopee
189,FZ26-ELTL-2CS9,4,Aktif,Stok Shopee
190,FZ26-ELU2-8RZE,4,Aktif,Stok Shopee
191,FZ26-ELYB-ADUY,4,Aktif,Stok Shopee
192,FZ26-EMFM-FMYC,4,Aktif,Stok Shopee
193,FZ26-EP8L-8YEG,4,Aktif,Stok Shopee
194,FZ26-ESLT-4V6J,4,Aktif,Stok Shopee
195,FZ26-EW9F-NBQU,4,Aktif,Stok Shopee
196,FZ26-EZEF-HQ93,4,Aktif,Stok Shopee
197,FZ26-EZVE-FRFN,4,Aktif,Stok Shopee
198,FZ26-EZXE-J4L4,4,Aktif,Stok Shopee
199,FZ26-F4EU-D6RB,4,Aktif,Stok Shopee
200,FZ26-F9VS-V4WS,4,Aktif,Stok Shopee
201,FZ26-FCMZ-E852,4,Aktif,Stok Shopee
202,FZ26-FD73-RRD2,4,Aktif,Stok Shopee
203,FZ26-FEB2-QBSR,4,Aktif,Stok Shopee
204,FZ26-FETL-QGRH,4,Aktif,Stok Shopee
205,FZ26-FNDD-9NAG,4,Aktif,Stok Shopee
206,FZ26-FQFG-6HLR,4,Aktif,Stok Shopee
207,FZ26-FRQG-BB5V,4,Aktif,Stok Shopee
208,FZ26-FTRD-V7NJ,4,Aktif,Stok Shopee
209,FZ26-FTUB-GFEP,4,Aktif,Stok Shopee
210,FZ26-FU7C-9PBY,4,Aktif,Stok Shopee
211,FZ26-FVAG-YY2N,4,Aktif,Stok Shopee
212,FZ26-FWCE-YE3Y,4,Aktif,Stok Shopee
213,FZ26-FWG8-9A9W,4,Aktif,Stok Shopee
214,FZ26-FWYN-PEAL,4,Aktif,Stok Shopee
215,FZ26-FY78-TDVS,4,Aktif,Stok Shopee
216,FZ26-FYKJ-L9RL,4,Aktif,Stok Shopee
217,FZ26-FZ99-7XLM,4,Aktif,Stok Shopee
218,FZ26-G5D5-G6WS,4,Aktif,Stok Shopee
219,FZ26-G7J6-LAJZ,4,Aktif,Stok Shopee
220,FZ26-GBLX-Q9AE,4,Aktif,Stok Shopee
221,FZ26-GD84-CLK9,4,Aktif,Stok Shopee
222,FZ26-GFKH-ABU6,4,Aktif,Stok Shopee
223,FZ26-GH32-26UD,4,Aktif,Stok Shopee
224,FZ26-GH9U-H3NN,4,Aktif,Stok Shopee
225,FZ26-GWE6-844Y,4,Aktif,Stok Shopee
226,FZ26-GX6A-ALCQ,4,Aktif,Stok Shopee
227,FZ26-GZAV-RP36,4,Aktif,Stok Shopee
228,FZ26-H7YR-DAUV,4,Aktif,Stok Shopee
229,FZ26-HEBY-6DVR,4,Aktif,Stok Shopee
230,FZ26-HR8V-SXDE,4,Aktif,Stok Shopee
231,FZ26-HU86-SCX7,4,Aktif,Stok Shopee
232,FZ26-HWCL-MVTP,4,Aktif,Stok Shopee
233,FZ26-HWLF-U6P8,4,Aktif,Stok Shopee
234,FZ26-HZXL-KN8A,4,Aktif,Stok Shopee
235,FZ26-J2GJ-4NGB,4,Aktif,Stok Shopee
236,FZ26-J3S7-CF7G,4,Aktif,Stok Shopee
237,FZ26-J5H7-CDTJ,4,Aktif,Stok Shopee
238,FZ26-J5RT-4L9N,4,Aktif,Stok Shopee
239,FZ26-J8SZ-9F22,4,Aktif,Stok Shopee
240,FZ26-JAGQ-JWCY,4,Aktif,Stok Shopee
241,FZ26-JCE7-S44K,4,Aktif,Stok Shopee
242,FZ26-JCFZ-HKP4,4,Aktif,Stok Shopee
243,FZ26-JEAJ-RJL8,4,Aktif,Stok Shopee
244,FZ26-JEKN-LLC5,4,Aktif,Stok Shopee
245,FZ26-JFKH-W2JD,4,Aktif,Stok Shopee
246,FZ26-JHLC-TDTY,4,Aktif,Stok Shopee
247,FZ26-JN3F-ZUKU,4,Aktif,Stok Shopee
248,FZ26-JNXW-Q2J7,4,Aktif,Stok Shopee
249,FZ26-JT9V-97RV,4,Aktif,Stok Shopee
250,FZ26-JWDP-LGBN,4,Aktif,Stok Shopee
251,FZ26-JWNB-47QH,4,Aktif,Stok Shopee
252,FZ26-JZSE-L2YA,4,Aktif,Stok Shopee
253,FZ26-K7DB-48E4,4,Aktif,Stok Shopee
254,FZ26-KF4S-LXJ2,4,Aktif,Stok Shopee
255,FZ26-KFE9-7F4T,4,Aktif,Stok Shopee
256,FZ26-KLD8-A9YW,4,Aktif,Stok Shopee
257,FZ26-KM47-HMJM,4,Aktif,Stok Shopee
258,FZ26-KMWY-JCLB,4,Aktif,Stok Shopee
259,FZ26-KQ6Y-UAYM,4,Aktif,Stok Shopee
260,FZ26-KRQL-HLEX,4,Aktif,Stok Shopee
261,FZ26-KUYX-TDJP,4,Aktif,Stok Shopee
262,FZ26-KX6K-DGDX,4,Aktif,Stok Shopee
263,FZ26-KYRN-JXF8,4,Aktif,Stok Shopee
264,FZ26-L3YA-P7E3,4,Aktif,Stok Shopee
265,FZ26-L55K-ZVFP,4,Aktif,Stok Shopee
266,FZ26-L8EQ-JZAU,4,Aktif,Stok Shopee
267,FZ26-LC6J-KSCQ,4,Aktif,Stok Shopee
268,FZ26-LE9L-AJHL,4,Aktif,Stok Shopee
269,FZ26-LF23-XES7,4,Aktif,Stok Shopee
270,FZ26-LGMW-TR3U,4,Aktif,Stok Shopee
271,FZ26-LHVJ-X7UJ,4,Aktif,Stok Shopee
272,FZ26-LJ6B-N84D,4,Aktif,Stok Shopee
273,FZ26-LJK5-YAGC,4,Aktif,Stok Shopee
274,FZ26-LKLD-8U3E,4,Aktif,Stok Shopee
275,FZ26-LKRG-WQ22,4,Aktif,Stok Shopee
276,FZ26-LR57-C38N,4,Aktif,Stok Shopee
277,FZ26-LS7Y-ZCVA,4,Aktif,Stok Shopee
278,FZ26-LSL7-Z5NF,4,Aktif,Stok Shopee
279,FZ26-LTX4-PY6X,4,Aktif,Stok Shopee
280,FZ26-LU2H-EE9A,4,Aktif,Stok Shopee
281,FZ26-LUGD-YGLP,4,Aktif,Stok Shopee
282,FZ26-LV7B-VHFL,4,Aktif,Stok Shopee
283,FZ26-LYZ3-5LCG,4,Aktif,Stok Shopee
284,FZ26-M6KD-YMXV,4,Aktif,Stok Shopee
285,FZ26-M986-6RDF,4,Aktif,Stok Shopee
286,FZ26-M9J3-8YUG,4,Aktif,Stok Shopee
287,FZ26-MHLT-HJRK,4,Aktif,Stok Shopee
288,FZ26-MLSF-24HT,4,Aktif,Stok Shopee
289,FZ26-MMR5-RELW,4,Aktif,Stok Shopee
290,FZ26-MP72-PNLL,4,Aktif,Stok Shopee
291,FZ26-MQV5-K93D,4,Aktif,Stok Shopee
292,FZ26-MV6L-7ZMW,4,Aktif,Stok Shopee
293,FZ26-MWWA-UMNH,4,Aktif,Stok Shopee
294,FZ26-MWZX-LQ2E,4,Aktif,Stok Shopee
295,FZ26-N6YK-YF2P,4,Aktif,Stok Shopee
296,FZ26-N8G4-V8NM,4,Aktif,Stok Shopee
297,FZ26-N8RP-USMZ,4,Aktif,Stok Shopee
298,FZ26-NDV6-9KJQ,4,Aktif,Stok Shopee
299,FZ26-NF8V-NTAT,4,Aktif,Stok Shopee
300,FZ26-NJAG-BQKM,4,Aktif,Stok Shopee
301,FZ26-NMGT-V28J,4,Aktif,Stok Shopee
302,FZ26-NN4S-HSJH,4,Aktif,Stok Shopee
303,FZ26-NPPC-KMJR,4,Aktif,Stok Shopee
304,FZ26-NPU9-F4HG,4,Aktif,Stok Shopee
305,FZ26-NR63-QNKA,4,Aktif,Stok Shopee
306,FZ26-NRBK-BVLK,4,Aktif,Stok Shopee
307,FZ26-NV3B-HFLT,4,Aktif,Stok Shopee
308,FZ26-NVNJ-Y8D8,4,Aktif,Stok Shopee
309,FZ26-NX3S-NUTK,4,Aktif,Stok Shopee
310,FZ26-P4CY-V6WR,4,Aktif,Stok Shopee
311,FZ26-P5Y8-WQ8V,4,Aktif,Stok Shopee
312,FZ26-P62P-ADAD,4,Aktif,Stok Shopee
313,FZ26-P8CX-P9QB,4,Aktif,Stok Shopee
314,FZ26-P9WT-48KX,4,Aktif,Stok Shopee
315,FZ26-PAM8-KS7Z,4,Aktif,Stok Shopee
316,FZ26-PAR2-BZDX,4,Aktif,Stok Shopee
317,FZ26-PB76-GLYP,4,Aktif,Stok Shopee
318,FZ26-PB8E-XFNF,4,Aktif,Stok Shopee
319,FZ26-PCZX-X2KR,4,Aktif,Stok Shopee
320,FZ26-PH4G-344V,4,Aktif,Stok Shopee
321,FZ26-PHET-X7XN,4,Aktif,Stok Shopee
322,FZ26-PKJB-WVQS,4,Aktif,Stok Shopee
323,FZ26-PKL3-22Z2,4,Aktif,Stok Shopee
324,FZ26-PLC4-SB9W,4,Aktif,Stok Shopee
325,FZ26-PLJH-GQ3X,4,Aktif,Stok Shopee
326,FZ26-PMF5-V3J3,4,Aktif,Stok Shopee
327,FZ26-PNUR-DS2V,4,Aktif,Stok Shopee
328,FZ26-PPGJ-WTA7,4,Aktif,Stok Shopee
329,FZ26-PQND-M4PX,4,Aktif,Stok Shopee
330,FZ26-PT9W-68MP,4,Aktif,Stok Shopee
331,FZ26-PWYQ-AHM5,4,Aktif,Stok Shopee
332,FZ26-PXXG-83JD,4,Aktif,Stok Shopee
333,FZ26-Q2UP-RCRY,4,Aktif,Stok Shopee
334,FZ26-Q2UU-RA8N,4,Aktif,Stok Shopee
335,FZ26-Q85J-29JL,4,Aktif,Stok Shopee
336,FZ26-Q884-RCJR,4,Aktif,Stok Shopee
337,FZ26-QCQW-RA74,4,Aktif,Stok Shopee
338,FZ26-QEWH-9TDK,4,Aktif,Stok Shopee
339,FZ26-QFVM-S43X,4,Aktif,Stok Shopee
340,FZ26-QJ5A-HB2J,4,Aktif,Stok Shopee
341,FZ26-QKN5-8QFF,4,Aktif,Stok Shopee
342,FZ26-QM3E-ETXN,4,Aktif,Stok Shopee
343,FZ26-QNAY-XLX7,4,Aktif,Stok Shopee
344,FZ26-QNQM-4LWA,4,Aktif,Stok Shopee
345,FZ26-QQP3-JFGP,4,Aktif,Stok Shopee
346,FZ26-QSRS-X7QQ,4,Aktif,Stok Shopee
347,FZ26-QV6E-MWAJ,4,Aktif,Stok Shopee
348,FZ26-R37S-HYGY,4,Aktif,Stok Shopee
349,FZ26-R3S9-4UGT,4,Aktif,Stok Shopee
350,FZ26-R66F-VTJS,4,Aktif,Stok Shopee
351,FZ26-R77E-Q68Y,4,Aktif,Stok Shopee
352,FZ26-R7JP-7RSA,4,Aktif,Stok Shopee
353,FZ26-R7JR-S43T,4,Aktif,Stok Shopee
354,FZ26-RBCH-NCJD,4,Aktif,Stok Shopee
355,FZ26-RC9M-T2MU,4,Aktif,Stok Shopee
356,FZ26-RDE6-WSL5,4,Aktif,Stok Shopee
357,FZ26-RE3T-9QVU,4,Aktif,Stok Shopee
358,FZ26-REYZ-3JJC,4,Aktif,Stok Shopee
359,FZ26-RFQM-3U8E,4,Aktif,Stok Shopee
360,FZ26-RH3J-ZBRL,4,Aktif,Stok Shopee
361,FZ26-RH6W-QR79,4,Aktif,Stok Shopee
362,FZ26-RM5C-PFJJ,4,Aktif,Stok Shopee
363,FZ26-RN6C-6FRQ,4,Aktif,Stok Shopee
364,FZ26-RNJZ-N5FX,4,Aktif,Stok Shopee
365,FZ26-RQ7M-MUXY,4,Aktif,Stok Shopee
366,FZ26-RQ8J-3MKG,4,Aktif,Stok Shopee
367,FZ26-RQSY-Z2E3,4,Aktif,Stok Shopee
368,FZ26-RQVC-CM85,4,Aktif,Stok Shopee
369,FZ26-RQYK-YX9W,4,Aktif,Stok Shopee
370,FZ26-RS9L-KRCD,4,Aktif,Stok Shopee
371,FZ26-RTAH-MTQZ,4,Aktif,Stok Shopee
372,FZ26-RXA2-3FAR,4,Aktif,Stok Shopee
373,FZ26-RZ9P-PCYS,4,Aktif,Stok Shopee
374,FZ26-S6WA-MMGE,4,Aktif,Stok Shopee
375,FZ26-S7PJ-4ECC,4,Aktif,Stok Shopee
376,FZ26-S9QK-RAT8,4,Aktif,Stok Shopee
377,FZ26-SBVG-FPUQ,4,Aktif,Stok Shopee
378,FZ26-SDFG-3MXC,4,Aktif,Stok Shopee
379,FZ26-SFSF-MBHG,4,Aktif,Stok Shopee
380,FZ26-SK74-484G,4,Aktif,Stok Shopee
381,FZ26-SPLV-XCNG,4,Aktif,Stok Shopee
382,FZ26-SSDJ-BUC7,4,Aktif,Stok Shopee
383,FZ26-SW7N-Z898,4,Aktif,Stok Shopee
384,FZ26-SWFS-CZLJ,4,Aktif,Stok Shopee
385,FZ26-SY6C-4J3J,4,Aktif,Stok Shopee
386,FZ26-T2LG-NB77,4,Aktif,Stok Shopee
387,FZ26-T46S-6V42,4,Aktif,Stok Shopee
388,FZ26-T4T6-ELYW,4,Aktif,Stok Shopee
389,FZ26-T5KE-R3MB,4,Aktif,Stok Shopee
390,FZ26-T7HM-KPJ9,4,Aktif,Stok Shopee
391,FZ26-T7YC-MGJD,4,Aktif,Stok Shopee
392,FZ26-TADL-HQVF,4,Aktif,Stok Shopee
393,FZ26-TD8F-KV9K,4,Aktif,Stok Shopee
394,FZ26-TEW4-39KU,4,Aktif,Stok Shopee
395,FZ26-TGQ2-TU9P,4,Aktif,Stok Shopee
396,FZ26-TLTZ-DVDE,4,Aktif,Stok Shopee
397,FZ26-TMQF-BFEW,4,Aktif,Stok Shopee
398,FZ26-TPGD-VBRS,4,Aktif,Stok Shopee
399,FZ26-TPQG-ATVJ,4,Aktif,Stok Shopee
400,FZ26-TTXK-3SR6,4,Aktif,Stok Shopee
401,FZ26-TWRN-34GU,4,Aktif,Stok Shopee
402,FZ26-TZ4Q-43H6,4,Aktif,Stok Shopee
403,FZ26-U4TW-8SJW,4,Aktif,Stok Shopee
404,FZ26-U5DV-YGVL,4,Aktif,Stok Shopee
405,FZ26-U5MJ-N2SZ,4,Aktif,Stok Shopee
406,FZ26-U6S2-7DKV,4,Aktif,Stok Shopee
407,FZ26-U6V7-97XR,4,Aktif,Stok Shopee
408,FZ26-UA3D-P69K,4,Aktif,Stok Shopee
409,FZ26-UC2C-RK2H,4,Aktif,Stok Shopee
410,FZ26-UDQW-Q6ZK,4,Aktif,Stok Shopee
411,FZ26-UFMX-XP3D,4,Aktif,Stok Shopee
412,FZ26-UKMN-YDSZ,4,Aktif,Stok Shopee
413,FZ26-UKT9-LZYU,4,Aktif,Stok Shopee
414,FZ26-UNWU-QRA6,4,Aktif,Stok Shopee
415,FZ26-URG2-8R7V,4,Aktif,Stok Shopee
416,FZ26-UTAD-D7BD,4,Aktif,Stok Shopee
417,FZ26-UUM2-NMJR,4,Aktif,Stok Shopee
418,FZ26-UVG5-C6GR,4,Aktif,Stok Shopee
419,FZ26-UWHN-HKXX,4,Aktif,Stok Shopee
420,FZ26-UXVY-N92P,4,Aktif,Stok Shopee
421,FZ26-UYUN-8ENF,4,Aktif,Stok Shopee
422,FZ26-V753-TN55,4,Aktif,Stok Shopee
423,FZ26-V9AZ-YEZE,4,Aktif,Stok Shopee
424,FZ26-VAU6-CTKL,4,Aktif,Stok Shopee
425,FZ26-VBUF-H3G3,4,Aktif,Stok Shopee
426,FZ26-VD86-YKRL,4,Aktif,Stok Shopee
427,FZ26-VE9R-5ZNV,4,Aktif,Stok Shopee
428,FZ26-VGQG-SSS3,4,Aktif,Stok Shopee
429,FZ26-VGQP-6VCN,4,Aktif,Stok Shopee
430,FZ26-VJ64-BRA3,4,Aktif,Stok Shopee
431,FZ26-VK9T-9M7Z,4,Aktif,Stok Shopee
432,FZ26-VKDP-D973,4,Aktif,Stok Shopee
433,FZ26-VKPJ-QKEW,4,Aktif,Stok Shopee
434,FZ26-VKT9-YM7H,4,Aktif,Stok Shopee
435,FZ26-VTCK-SBKC,4,Aktif,Stok Shopee
436,FZ26-VTET-9ZE4,4,Aktif,Stok Shopee
437,FZ26-VUSV-7F6V,4,Aktif,Stok Shopee
438,FZ26-W55E-FZBE,4,Aktif,Stok Shopee
439,FZ26-WDD4-5TRV,4,Aktif,Stok Shopee
440,FZ26-WGNU-QL9P,4,Aktif,Stok Shopee
441,FZ26-WGZX-NEH3,4,Aktif,Stok Shopee
442,FZ26-WJDL-PF55,4,Aktif,Stok Shopee
443,FZ26-WM7D-S4XQ,4,Aktif,Stok Shopee
444,FZ26-WMSK-ERPL,4,Aktif,Stok Shopee
445,FZ26-WN6C-X3YF,4,Aktif,Stok Shopee
446,FZ26-WPL6-DCLE,4,Aktif,Stok Shopee
447,FZ26-WSJ4-KLJC,4,Aktif,Stok Shopee
448,FZ26-WU7C-WDAA,4,Aktif,Stok Shopee
449,FZ26-WVB5-5KMP,4,Aktif,Stok Shopee
450,FZ26-WXK9-E8B6,4,Aktif,Stok Shopee
451,FZ26-X2CJ-UDSJ,4,Aktif,Stok Shopee
452,FZ26-X2JP-5B8G,4,Aktif,Stok Shopee
453,FZ26-X38A-T7C7,4,Aktif,Stok Shopee
454,FZ26-X3CP-QC8P,4,Aktif,Stok Shopee
455,FZ26-X3UD-NLEM,4,Aktif,Stok Shopee
456,FZ26-X5FG-3LWS,4,Aktif,Stok Shopee
457,FZ26-X7N8-MZPA,4,Aktif,Stok Shopee
458,FZ26-XBXB-38FJ,4,Aktif,Stok Shopee
459,FZ26-XFHT-SLJW,4,Aktif,Stok Shopee
460,FZ26-XQBT-MHTH,4,Aktif,Stok Shopee
461,FZ26-XS2B-3RTY,4,Aktif,Stok Shopee
462,FZ26-XTVB-4URX,4,Aktif,Stok Shopee
463,FZ26-XU7M-2VWV,4,Aktif,Stok Shopee
464,FZ26-XVX4-2KDP,4,Aktif,Stok Shopee
465,FZ26-XVYB-B9D9,4,Aktif,Stok Shopee
466,FZ26-XXYY-PBTR,4,Aktif,Stok Shopee
467,FZ26-Y47K-P6W7,4,Aktif,Stok Shopee
468,FZ26-Y4S7-868W,4,Aktif,Stok Shopee
469,FZ26-Y6JA-Q2J6,4,Aktif,Stok Shopee
470,FZ26-Y7AP-WNNK,4,Aktif,Stok Shopee
471,FZ26-Y88K-CDMR,4,Aktif,Stok Shopee
472,FZ26-YB9A-5LHR,4,Aktif,Stok Shopee
473,FZ26-YBPT-7LZJ,4,Aktif,Stok Shopee
474,FZ26-YBW5-G8TS,4,Aktif,Stok Shopee
475,FZ26-YFWW-TDKG,4,Aktif,Stok Shopee
476,FZ26-YHRX-DQVX,4,Aktif,Stok Shopee
477,FZ26-YJCX-TDYY,4,Aktif,Stok Shopee
478,FZ26-YJWN-GRMP,4,Aktif,Stok Shopee
479,FZ26-YK83-D2L6,4,Aktif,Stok Shopee
480,FZ26-YKC9-GHF2,4,Aktif,Stok Shopee
481,FZ26-YKKP-PPPC,4,Aktif,Stok Shopee
482,FZ26-YMF8-KGF3,4,Aktif,Stok Shopee
483,FZ26-YPF7-JDHL,4,Aktif,Stok Shopee
484,FZ26-YPXR-UWQJ,4,Aktif,Stok Shopee
485,FZ26-YPZH-KTLT,4,Aktif,Stok Shopee
486,FZ26-YYJH-ALKW,4,Aktif,Stok Shopee
487,FZ26-Z5V4-84TS,4,Aktif,Stok Shopee
488,FZ26-Z5V8-TQ2G,4,Aktif,Stok Shopee
489,FZ26-Z6EF-G3SX,4,Aktif,Stok Shopee
490,FZ26-Z7AW-YL6T,4,Aktif,Stok Shopee
491,FZ26-Z7ZY-2772,4,Aktif,Stok Shopee
492,FZ26-ZABQ-SVVU,4,Aktif,Stok Shopee
493,FZ26-ZCDU-NEBW,4,Aktif,Stok Shopee
494,FZ26-ZDZ9-BG6R,4,Aktif,Stok Shopee
495,FZ26-ZHWE-CXMU,4,Aktif,Stok Shopee
496,FZ26-ZQMS-8K5H,4,Aktif,Stok Shopee
497,FZ26-ZTQW-Z524,4,Aktif,Stok Shopee
498,FZ26-ZTUG-HFVA,4,Aktif,Stok Shopee
499,FZ26-ZU4T-Z37J,4,Aktif,Stok Shopee
500,FZ26-ZYTB-PDH8,4,Aktif,Stok Shopee
